<VersionInfo xmlns="http://schemas.datacontract.org/2004/07/Kooboo.CMS.Content.Versioning" xmlns:i="http://www.w3.org/2001/XMLSchema-instance"><CommitUser i:nil="true"/><UtcCommitDate>2010-11-11T11:35:11.0654296Z</UtcCommitDate><TextContent xmlns:a="http://schemas.microsoft.com/2003/10/Serialization/Arrays"><a:KeyValueOfstringanyType><a:Key>UUID</a:Key><a:Value i:type="b:string" xmlns:b="http://www.w3.org/2001/XMLSchema">a07f37d3-de8e-414c-8b1d-755e1e5a34f7</a:Value></a:KeyValueOfstringanyType><a:KeyValueOfstringanyType><a:Key>UserKey</a:Key><a:Value i:type="b:string" xmlns:b="http://www.w3.org/2001/XMLSchema">news1</a:Value></a:KeyValueOfstringanyType><a:KeyValueOfstringanyType><a:Key>Id</a:Key><a:Value i:type="b:int" xmlns:b="http://www.w3.org/2001/XMLSchema">100</a:Value></a:KeyValueOfstringanyType><a:KeyValueOfstringanyType><a:Key>UtcCreationDate</a:Key><a:Value i:type="b:dateTime" xmlns:b="http://www.w3.org/2001/XMLSchema">2010-11-11T11:34:44.867</a:Value></a:KeyValueOfstringanyType><a:KeyValueOfstringanyType><a:Key>UtcLastModificationDate</a:Key><a:Value i:type="b:dateTime" xmlns:b="http://www.w3.org/2001/XMLSchema">2010-11-11T11:35:11.0654296Z</a:Value></a:KeyValueOfstringanyType><a:KeyValueOfstringanyType><a:Key>Repository</a:Key><a:Value i:type="b:string" xmlns:b="http://www.w3.org/2001/XMLSchema">sqlce</a:Value></a:KeyValueOfstringanyType><a:KeyValueOfstringanyType><a:Key>FolderName</a:Key><a:Value i:type="b:string" xmlns:b="http://www.w3.org/2001/XMLSchema">news</a:Value></a:KeyValueOfstringanyType><a:KeyValueOfstringanyType><a:Key>Published</a:Key><a:Value i:type="b:boolean" xmlns:b="http://www.w3.org/2001/XMLSchema">false</a:Value></a:KeyValueOfstringanyType><a:KeyValueOfstringanyType><a:Key>OriginalUUID</a:Key><a:Value i:nil="true"/></a:KeyValueOfstringanyType><a:KeyValueOfstringanyType><a:Key>SchemaName</a:Key><a:Value i:type="b:string" xmlns:b="http://www.w3.org/2001/XMLSchema">news</a:Value></a:KeyValueOfstringanyType><a:KeyValueOfstringanyType><a:Key>ParentUUID</a:Key><a:Value i:nil="true"/></a:KeyValueOfstringanyType><a:KeyValueOfstringanyType><a:Key>UserId</a:Key><a:Value i:type="b:string" xmlns:b="http://www.w3.org/2001/XMLSchema"/></a:KeyValueOfstringanyType><a:KeyValueOfstringanyType><a:Key>title</a:Key><a:Value i:type="b:string" xmlns:b="http://www.w3.org/2001/XMLSchema">news1-version2</a:Value></a:KeyValueOfstringanyType><a:KeyValueOfstringanyType><a:Key>body</a:Key><a:Value i:type="b:string" xmlns:b="http://www.w3.org/2001/XMLSchema">&lt;p&gt;&amp;lt;%@ Control Language="C#" Inherits="System.Web.Mvc.ViewUserControl&amp;lt;dynamic&amp;gt;" %&amp;gt;&lt;br /&gt;&amp;lt;% using (Html.BeginForm(ViewContext.RouteData.Values["action"].ToString(), ViewContext.RouteData.Values["controller"].ToString(), ViewContext.RequestContext.AllRouteValues(), FormMethod.Post, new RouteValueDictionary(new { enctype = "application/x-www-form-urlencoded" })))&lt;br /&gt;{%&amp;gt;&lt;br /&gt;&amp;lt;%:Html.Hidden("success",Request.HttpMethod.ToLower() == "post" &amp;amp;&amp;amp; ViewData.ModelState.IsValid) %&amp;gt;&lt;br /&gt;&amp;lt;div class="common-form"&amp;gt;&lt;br /&gt;&amp;lt;fieldset&amp;gt;&lt;br /&gt;&amp;lt;table&amp;gt;&lt;br /&gt;&amp;nbsp;&amp;nbsp; &amp;nbsp;&lt;br /&gt;&amp;lt;tr&amp;gt;&lt;br /&gt;&amp;nbsp;&amp;nbsp; &amp;nbsp;&amp;lt;td&amp;gt;&lt;br /&gt;&amp;nbsp;&amp;nbsp;&amp;nbsp; &amp;lt;label for="title"&amp;gt;&lt;br /&gt;&amp;nbsp;&amp;nbsp;&amp;nbsp;&amp;nbsp;&amp;nbsp;&amp;nbsp;&amp;nbsp; &amp;lt;%: "title".Localize()%&amp;gt;&amp;lt;/label&amp;gt;&lt;br /&gt;&amp;nbsp;&amp;nbsp; &amp;nbsp;&amp;lt;/td&amp;gt;&lt;br /&gt;&amp;nbsp;&amp;nbsp; &amp;nbsp;&amp;lt;td&amp;gt;&amp;nbsp;&amp;nbsp; &amp;nbsp;&lt;br /&gt;&amp;nbsp;&amp;nbsp;&amp;nbsp; &amp;lt;input name="title" type="text" value="&amp;lt;%= Model.title ?? "" %&amp;gt;" /&amp;gt;&lt;br /&gt;&amp;nbsp;&amp;nbsp; &amp;nbsp;&amp;lt;/td&amp;gt;&lt;br /&gt;&amp;nbsp;&amp;nbsp; &amp;nbsp;&amp;lt;td&amp;gt;&lt;br /&gt;&amp;nbsp;&amp;nbsp; &amp;nbsp;&amp;nbsp;&amp;nbsp; &amp;nbsp;&amp;nbsp;&amp;nbsp; &amp;nbsp;&lt;br /&gt;&amp;nbsp;&amp;nbsp; &amp;nbsp;&amp;lt;%: Html.ValidationMessageForColumn(((Kooboo.Form.ISchema)ViewData["Schema"])["title"], null)%&amp;gt;&lt;br /&gt;&amp;nbsp;&amp;nbsp; &amp;nbsp;&amp;lt;/td&amp;gt;&lt;br /&gt;&amp;lt;/tr&amp;gt;&lt;br /&gt;&lt;br /&gt;&amp;nbsp;&amp;nbsp; &amp;nbsp;&lt;br /&gt;&amp;lt;tr&amp;gt;&lt;br /&gt;&amp;nbsp;&amp;nbsp; &amp;nbsp;&amp;lt;td&amp;gt;&lt;br /&gt;&amp;nbsp;&amp;nbsp;&amp;nbsp; &amp;lt;label for="Published"&amp;gt;&lt;br /&gt;&amp;nbsp;&amp;nbsp;&amp;nbsp;&amp;nbsp;&amp;nbsp;&amp;nbsp;&amp;nbsp; &amp;lt;%: "Published".Localize()%&amp;gt;&amp;lt;/label&amp;gt;&lt;br /&gt;&amp;nbsp;&amp;nbsp; &amp;nbsp;&amp;lt;/td&amp;gt;&lt;br /&gt;&amp;nbsp;&amp;nbsp; &amp;nbsp;&amp;lt;td&amp;gt;&amp;nbsp;&amp;nbsp; &amp;nbsp;&lt;br /&gt;&amp;nbsp;&amp;nbsp;&amp;nbsp; &amp;lt;input name="Published" type="checkbox" &amp;lt;%:Convert.ToBoolean(Model.Published ?? false)?"checked":""%&amp;gt; value="true"/&amp;gt;&lt;br /&gt;&amp;nbsp;&amp;nbsp; &amp;nbsp;&amp;lt;/td&amp;gt;&lt;br /&gt;&amp;nbsp;&amp;nbsp; &amp;nbsp;&amp;lt;td&amp;gt;&lt;br /&gt;&amp;nbsp;&amp;nbsp; &amp;nbsp;&amp;nbsp;&amp;nbsp; &amp;nbsp;&amp;nbsp;&amp;nbsp; &amp;nbsp;&lt;br /&gt;&amp;nbsp;&amp;nbsp; &amp;nbsp;&amp;lt;%: Html.ValidationMessageForColumn(((Kooboo.Form.ISchema)ViewData["Schema"])["Published"], null)%&amp;gt;&lt;br /&gt;&amp;nbsp;&amp;nbsp; &amp;nbsp;&amp;lt;/td&amp;gt;&lt;br /&gt;&amp;lt;/tr&amp;gt;&lt;br /&gt;&amp;nbsp;&amp;nbsp; &amp;nbsp;&lt;br /&gt;&amp;nbsp;&amp;nbsp; &amp;nbsp;&lt;br /&gt;&amp;lt;tr&amp;gt;&lt;br /&gt;&amp;nbsp;&amp;nbsp; &amp;nbsp;&amp;lt;td&amp;gt;&lt;br /&gt;&amp;nbsp;&amp;nbsp;&amp;nbsp; &amp;lt;label for="UserKey"&amp;gt;&lt;br /&gt;&amp;nbsp;&amp;nbsp;&amp;nbsp;&amp;nbsp;&amp;nbsp;&amp;nbsp;&amp;nbsp; &amp;lt;%: "User Key".Localize()%&amp;gt;&amp;lt;/label&amp;gt;&lt;br /&gt;&amp;nbsp;&amp;nbsp; &amp;nbsp;&amp;lt;/td&amp;gt;&lt;br /&gt;&amp;nbsp;&amp;nbsp; &amp;nbsp;&amp;lt;td&amp;gt;&amp;nbsp;&amp;nbsp; &amp;nbsp;&lt;br /&gt;&amp;nbsp;&amp;nbsp;&amp;nbsp; &amp;lt;input name="UserKey" type="text" value="&amp;lt;%= Model.UserKey ?? "" %&amp;gt;" /&amp;gt;&lt;br /&gt;&amp;nbsp;&amp;nbsp; &amp;nbsp;&amp;lt;/td&amp;gt;&lt;br /&gt;&amp;nbsp;&amp;nbsp; &amp;nbsp;&amp;lt;td&amp;gt;&lt;br /&gt;&amp;nbsp;&amp;nbsp; &amp;nbsp;&amp;nbsp;&amp;nbsp; &amp;nbsp;&amp;nbsp;&amp;nbsp; &amp;nbsp;&lt;br /&gt;&amp;nbsp;&amp;nbsp; &amp;nbsp;&amp;lt;%: Html.ValidationMessageForColumn(((Kooboo.Form.ISchema)ViewData["Schema"])["UserKey"], null)%&amp;gt;&lt;br /&gt;&amp;nbsp;&amp;nbsp; &amp;nbsp;&amp;lt;/td&amp;gt;&lt;br /&gt;&amp;lt;/tr&amp;gt;&lt;br /&gt;&lt;br /&gt;&amp;lt;%:Html.Action("Categories", ViewContext.RequestContext.AllRouteValues())%&amp;gt;&lt;br /&gt;&amp;lt;/table&amp;gt;&lt;br /&gt;&amp;lt;/fieldset&amp;gt;&lt;br /&gt;&amp;lt;p class="buttons"&amp;gt;&amp;lt;button type="submit"&amp;gt;Save&amp;lt;/button&amp;gt;&amp;lt;/p&amp;gt;&lt;br /&gt;&amp;lt;%} %&amp;gt;&lt;br /&gt;&amp;lt;/div&amp;gt;&lt;/p&gt;</a:Value></a:KeyValueOfstringanyType></TextContent><Categories><Category><FolderName>category</FolderName><Contents/></Category></Categories></VersionInfo>