<VersionInfo xmlns="http://schemas.datacontract.org/2004/07/Kooboo.CMS.Content.Versioning" xmlns:i="http://www.w3.org/2001/XMLSchema-instance"><CommitUser i:nil="true"/><UtcCommitDate>2010-11-12T09:59:10.2207031Z</UtcCommitDate><TextContent xmlns:a="http://schemas.microsoft.com/2003/10/Serialization/Arrays"><a:KeyValueOfstringanyType><a:Key>UUID</a:Key><a:Value i:type="b:string" xmlns:b="http://www.w3.org/2001/XMLSchema">a07f37d3-de8e-414c-8b1d-755e1e5a34f7</a:Value></a:KeyValueOfstringanyType><a:KeyValueOfstringanyType><a:Key>UserKey</a:Key><a:Value i:type="b:string" xmlns:b="http://www.w3.org/2001/XMLSchema">news1</a:Value></a:KeyValueOfstringanyType><a:KeyValueOfstringanyType><a:Key>Id</a:Key><a:Value i:type="b:int" xmlns:b="http://www.w3.org/2001/XMLSchema">100</a:Value></a:KeyValueOfstringanyType><a:KeyValueOfstringanyType><a:Key>UtcCreationDate</a:Key><a:Value i:type="b:dateTime" xmlns:b="http://www.w3.org/2001/XMLSchema">2010-11-11T11:34:44.867</a:Value></a:KeyValueOfstringanyType><a:KeyValueOfstringanyType><a:Key>UtcLastModificationDate</a:Key><a:Value i:type="b:dateTime" xmlns:b="http://www.w3.org/2001/XMLSchema">2010-11-12T09:59:10.2207031Z</a:Value></a:KeyValueOfstringanyType><a:KeyValueOfstringanyType><a:Key>Repository</a:Key><a:Value i:type="b:string" xmlns:b="http://www.w3.org/2001/XMLSchema">sqlce</a:Value></a:KeyValueOfstringanyType><a:KeyValueOfstringanyType><a:Key>FolderName</a:Key><a:Value i:type="b:string" xmlns:b="http://www.w3.org/2001/XMLSchema">news</a:Value></a:KeyValueOfstringanyType><a:KeyValueOfstringanyType><a:Key>Published</a:Key><a:Value i:type="b:boolean" xmlns:b="http://www.w3.org/2001/XMLSchema">true</a:Value></a:KeyValueOfstringanyType><a:KeyValueOfstringanyType><a:Key>OriginalUUID</a:Key><a:Value i:nil="true"/></a:KeyValueOfstringanyType><a:KeyValueOfstringanyType><a:Key>SchemaName</a:Key><a:Value i:type="b:string" xmlns:b="http://www.w3.org/2001/XMLSchema">news</a:Value></a:KeyValueOfstringanyType><a:KeyValueOfstringanyType><a:Key>ParentUUID</a:Key><a:Value i:nil="true"/></a:KeyValueOfstringanyType><a:KeyValueOfstringanyType><a:Key>UserId</a:Key><a:Value i:type="b:string" xmlns:b="http://www.w3.org/2001/XMLSchema"/></a:KeyValueOfstringanyType><a:KeyValueOfstringanyType><a:Key>title</a:Key><a:Value i:type="b:string" xmlns:b="http://www.w3.org/2001/XMLSchema">news1-version2</a:Value></a:KeyValueOfstringanyType><a:KeyValueOfstringanyType><a:Key>body</a:Key><a:Value i:type="b:string" xmlns:b="http://www.w3.org/2001/XMLSchema">asdfasdfasdfasd&#xD;
sa&#xD;
f&#xD;
sadf&#xD;
as&#xD;
df&#xD;
asd&#xD;
f&#xD;
asdf&#xD;
a&#xD;
sdf&#xD;
asd&#xD;
f&#xD;
asdf&#xD;
as&#xD;
df&#xD;
sad&#xD;
f&#xD;
asdf&#xD;
as&#xD;
dfasdf</a:Value></a:KeyValueOfstringanyType></TextContent><Categories><Category><FolderName>category</FolderName><Contents/></Category></Categories></VersionInfo>