<ArrayOfCategory xmlns="http://schemas.datacontract.org/2004/07/Kooboo.CMS.Content.Models" xmlns:i="http://www.w3.org/2001/XMLSchema-instance"><Category><CategoryFolder>category</CategoryFolder><CategoryUUID>08962904-4015-4bb9-9d7e-876774e525a2</CategoryUUID><ContentUUID>d38a6be8-2fcd-48a4-9f1f-7cce2df67810</ContentUUID></Category><Category><CategoryFolder>category</CategoryFolder><CategoryUUID>0d817045-d005-4915-8f94-c66179478d7f</CategoryUUID><ContentUUID>964d24b3-abaf-4622-a1c1-d9b738fe3c4e</ContentUUID></Category></ArrayOfCategory>