<ArrayOfArrayOfKeyValueOfstringanyType xmlns="http://schemas.microsoft.com/2003/10/Serialization/Arrays" xmlns:i="http://www.w3.org/2001/XMLSchema-instance"><ArrayOfKeyValueOfstringanyType><KeyValueOfstringanyType><Key>UUID</Key><Value i:type="a:string" xmlns:a="http://www.w3.org/2001/XMLSchema">0d817045-d005-4915-8f94-c66179478d7f</Value></KeyValueOfstringanyType><KeyValueOfstringanyType><Key>UserKey</Key><Value i:type="a:string" xmlns:a="http://www.w3.org/2001/XMLSchema">category2</Value></KeyValueOfstringanyType><KeyValueOfstringanyType><Key>Id</Key><Value i:type="a:string" xmlns:a="http://www.w3.org/2001/XMLSchema"/></KeyValueOfstringanyType><KeyValueOfstringanyType><Key>UtcCreationDate</Key><Value i:type="a:dateTime" xmlns:a="http://www.w3.org/2001/XMLSchema">2010-11-30T11:18:34.3974609Z</Value></KeyValueOfstringanyType><KeyValueOfstringanyType><Key>UtcLastModificationDate</Key><Value i:type="a:dateTime" xmlns:a="http://www.w3.org/2001/XMLSchema">2010-11-30T11:18:34.3974609Z</Value></KeyValueOfstringanyType><KeyValueOfstringanyType><Key>Repository</Key><Value i:type="a:string" xmlns:a="http://www.w3.org/2001/XMLSchema">sqlce</Value></KeyValueOfstringanyType><KeyValueOfstringanyType><Key>FolderName</Key><Value i:type="a:string" xmlns:a="http://www.w3.org/2001/XMLSchema">category</Value></KeyValueOfstringanyType><KeyValueOfstringanyType><Key>SchemaName</Key><Value i:type="a:string" xmlns:a="http://www.w3.org/2001/XMLSchema">category</Value></KeyValueOfstringanyType><KeyValueOfstringanyType><Key>title</Key><Value i:type="a:string" xmlns:a="http://www.w3.org/2001/XMLSchema">category2</Value></KeyValueOfstringanyType><KeyValueOfstringanyType><Key>Published</Key><Value i:type="a:boolean" xmlns:a="http://www.w3.org/2001/XMLSchema">true</Value></KeyValueOfstringanyType></ArrayOfKeyValueOfstringanyType></ArrayOfArrayOfKeyValueOfstringanyType>