<VersionInfo xmlns="http://schemas.datacontract.org/2004/07/Kooboo.CMS.Content.Versioning" xmlns:i="http://www.w3.org/2001/XMLSchema-instance"><CommitUser>jifeng</CommitUser><UtcCommitDate>2010-11-26T04:07:33.2646484Z</UtcCommitDate><TextContent xmlns:a="http://schemas.microsoft.com/2003/10/Serialization/Arrays"><a:KeyValueOfstringanyType><a:Key>UUID</a:Key><a:Value i:type="b:string" xmlns:b="http://www.w3.org/2001/XMLSchema">54ceae83-633f-4f57-b7d0-d7ff70a4e00b</a:Value></a:KeyValueOfstringanyType><a:KeyValueOfstringanyType><a:Key>UserKey</a:Key><a:Value i:type="b:string" xmlns:b="http://www.w3.org/2001/XMLSchema">asdfasdfasdfsadfsad</a:Value></a:KeyValueOfstringanyType><a:KeyValueOfstringanyType><a:Key>Id</a:Key><a:Value i:type="b:string" xmlns:b="http://www.w3.org/2001/XMLSchema"/></a:KeyValueOfstringanyType><a:KeyValueOfstringanyType><a:Key>UtcCreationDate</a:Key><a:Value i:type="b:dateTime" xmlns:b="http://www.w3.org/2001/XMLSchema">2010-11-26T04:07:33.2646484Z</a:Value></a:KeyValueOfstringanyType><a:KeyValueOfstringanyType><a:Key>UtcLastModificationDate</a:Key><a:Value i:type="b:dateTime" xmlns:b="http://www.w3.org/2001/XMLSchema">2010-11-26T04:07:33.2646484Z</a:Value></a:KeyValueOfstringanyType><a:KeyValueOfstringanyType><a:Key>Repository</a:Key><a:Value i:type="b:string" xmlns:b="http://www.w3.org/2001/XMLSchema">sqlce</a:Value></a:KeyValueOfstringanyType><a:KeyValueOfstringanyType><a:Key>FolderName</a:Key><a:Value i:type="b:string" xmlns:b="http://www.w3.org/2001/XMLSchema">category</a:Value></a:KeyValueOfstringanyType><a:KeyValueOfstringanyType><a:Key>SchemaName</a:Key><a:Value i:type="b:string" xmlns:b="http://www.w3.org/2001/XMLSchema">category</a:Value></a:KeyValueOfstringanyType><a:KeyValueOfstringanyType><a:Key>title</a:Key><a:Value i:type="b:string" xmlns:b="http://www.w3.org/2001/XMLSchema">asdfasdfasdfsadfsad</a:Value></a:KeyValueOfstringanyType><a:KeyValueOfstringanyType><a:Key>Published</a:Key><a:Value i:type="b:boolean" xmlns:b="http://www.w3.org/2001/XMLSchema">true</a:Value></a:KeyValueOfstringanyType></TextContent><Categories/></VersionInfo>