<VersionInfo xmlns="http://schemas.datacontract.org/2004/07/Kooboo.CMS.Content.Versioning" xmlns:i="http://www.w3.org/2001/XMLSchema-instance"><CommitUser>jifeng</CommitUser><UtcCommitDate>2010-11-30T10:57:37.1386719Z</UtcCommitDate><TextContent xmlns:a="http://schemas.microsoft.com/2003/10/Serialization/Arrays"><a:KeyValueOfstringanyType><a:Key>UUID</a:Key><a:Value i:type="b:string" xmlns:b="http://www.w3.org/2001/XMLSchema">d38a6be8-2fcd-48a4-9f1f-7cce2df67810</a:Value></a:KeyValueOfstringanyType><a:KeyValueOfstringanyType><a:Key>UserKey</a:Key><a:Value i:type="b:string" xmlns:b="http://www.w3.org/2001/XMLSchema"/></a:KeyValueOfstringanyType><a:KeyValueOfstringanyType><a:Key>Id</a:Key><a:Value i:type="b:string" xmlns:b="http://www.w3.org/2001/XMLSchema"/></a:KeyValueOfstringanyType><a:KeyValueOfstringanyType><a:Key>UtcCreationDate</a:Key><a:Value i:type="b:dateTime" xmlns:b="http://www.w3.org/2001/XMLSchema">2010-11-30T10:57:37.1386719Z</a:Value></a:KeyValueOfstringanyType><a:KeyValueOfstringanyType><a:Key>UtcLastModificationDate</a:Key><a:Value i:type="b:dateTime" xmlns:b="http://www.w3.org/2001/XMLSchema">2010-11-30T10:57:37.1386719Z</a:Value></a:KeyValueOfstringanyType><a:KeyValueOfstringanyType><a:Key>Repository</a:Key><a:Value i:type="b:string" xmlns:b="http://www.w3.org/2001/XMLSchema">sqlce</a:Value></a:KeyValueOfstringanyType><a:KeyValueOfstringanyType><a:Key>FolderName</a:Key><a:Value i:type="b:string" xmlns:b="http://www.w3.org/2001/XMLSchema">news</a:Value></a:KeyValueOfstringanyType><a:KeyValueOfstringanyType><a:Key>SchemaName</a:Key><a:Value i:type="b:string" xmlns:b="http://www.w3.org/2001/XMLSchema">news</a:Value></a:KeyValueOfstringanyType><a:KeyValueOfstringanyType><a:Key>title</a:Key><a:Value i:type="b:string" xmlns:b="http://www.w3.org/2001/XMLSchema">news1</a:Value></a:KeyValueOfstringanyType><a:KeyValueOfstringanyType><a:Key>body</a:Key><a:Value i:type="b:string" xmlns:b="http://www.w3.org/2001/XMLSchema"/></a:KeyValueOfstringanyType><a:KeyValueOfstringanyType><a:Key>Published</a:Key><a:Value i:type="b:boolean" xmlns:b="http://www.w3.org/2001/XMLSchema">true</a:Value></a:KeyValueOfstringanyType></TextContent><Categories><Category><FolderName>category</FolderName><Contents><CategoryContent><UUID>08962904-4015-4bb9-9d7e-876774e525a2</UUID><DisplayName>category1</DisplayName></CategoryContent></Contents></Category></Categories></VersionInfo>