<VersionInfo xmlns="http://schemas.datacontract.org/2004/07/Kooboo.CMS.Content.Versioning" xmlns:i="http://www.w3.org/2001/XMLSchema-instance"><CommitUser i:nil="true"/><UtcCommitDate>2010-11-11T11:34:03.0957031Z</UtcCommitDate><TextContent xmlns:a="http://schemas.microsoft.com/2003/10/Serialization/Arrays"><a:KeyValueOfstringanyType><a:Key>UUID</a:Key><a:Value i:type="b:string" xmlns:b="http://www.w3.org/2001/XMLSchema">1edeab7f-0a09-46db-b793-fa6c3e9d0a77</a:Value></a:KeyValueOfstringanyType><a:KeyValueOfstringanyType><a:Key>UserKey</a:Key><a:Value i:type="b:string" xmlns:b="http://www.w3.org/2001/XMLSchema">category</a:Value></a:KeyValueOfstringanyType><a:KeyValueOfstringanyType><a:Key>Id</a:Key><a:Value i:type="b:int" xmlns:b="http://www.w3.org/2001/XMLSchema">100</a:Value></a:KeyValueOfstringanyType><a:KeyValueOfstringanyType><a:Key>UtcCreationDate</a:Key><a:Value i:type="b:dateTime" xmlns:b="http://www.w3.org/2001/XMLSchema">2010-11-11T11:33:56.747</a:Value></a:KeyValueOfstringanyType><a:KeyValueOfstringanyType><a:Key>UtcLastModificationDate</a:Key><a:Value i:type="b:dateTime" xmlns:b="http://www.w3.org/2001/XMLSchema">2010-11-11T11:34:03.0957031Z</a:Value></a:KeyValueOfstringanyType><a:KeyValueOfstringanyType><a:Key>Repository</a:Key><a:Value i:type="b:string" xmlns:b="http://www.w3.org/2001/XMLSchema">sqlce</a:Value></a:KeyValueOfstringanyType><a:KeyValueOfstringanyType><a:Key>FolderName</a:Key><a:Value i:type="b:string" xmlns:b="http://www.w3.org/2001/XMLSchema">category</a:Value></a:KeyValueOfstringanyType><a:KeyValueOfstringanyType><a:Key>Published</a:Key><a:Value i:type="b:boolean" xmlns:b="http://www.w3.org/2001/XMLSchema">true</a:Value></a:KeyValueOfstringanyType><a:KeyValueOfstringanyType><a:Key>OriginalUUID</a:Key><a:Value i:nil="true"/></a:KeyValueOfstringanyType><a:KeyValueOfstringanyType><a:Key>SchemaName</a:Key><a:Value i:type="b:string" xmlns:b="http://www.w3.org/2001/XMLSchema">category</a:Value></a:KeyValueOfstringanyType><a:KeyValueOfstringanyType><a:Key>ParentUUID</a:Key><a:Value i:nil="true"/></a:KeyValueOfstringanyType><a:KeyValueOfstringanyType><a:Key>UserId</a:Key><a:Value i:type="b:string" xmlns:b="http://www.w3.org/2001/XMLSchema"/></a:KeyValueOfstringanyType><a:KeyValueOfstringanyType><a:Key>title</a:Key><a:Value i:type="b:string" xmlns:b="http://www.w3.org/2001/XMLSchema">category1</a:Value></a:KeyValueOfstringanyType></TextContent><Categories/></VersionInfo>